TamanhoVetor,BubbleSort,InsertionSort,QuickSort,Misto,ShellSort,std::sort,HeapSort,MergeSort,SelectionSort
1,0.0258904,0.0239726,0.0283561,0.0287671,0.10849,0.029863,0.029726,0.0250685,0.0228767
2,0.0438355,0.0338355,0.0962806,0.0443835,0.0376712,0.0636986,0.05863,0.0760272,0.0395889
3,0.0602736,0.0432875,0.0926024,0.0512327,0.0483698,0.0756153,0.076726,0.11837,0.0508218
4,0.0727391,0.0552053,0.114794,0.0674108,0.0457534,0.089739,0.102739,0.149616,0.065082
5,0.0990404,0.0724656,0.160561,0.0816573,0.102602,0.104396,0.124794,0.247397,0.0875339
6,0.126849,0.0817807,0.196862,0.0906847,0.12863,0.12493,0.166027,0.283971,0.116712
7,0.14767,0.102329,0.243285,0.114671,0.132876,0.156724,0.191643,0.310287,0.143027
8,0.187969,0.109863,0.278628,0.122603,0.161657,0.162191,0.230835,0.351533,0.17015
9,0.232491,0.132329,0.322067,0.129192,0.210561,0.193012,0.275205,0.462082,0.209315
10,0.275627,0.142876,0.368214,0.150959,0.232464,0.209999,0.302493,0.534821,0.220684
11,0.335205,0.161246,0.416038,0.168082,0.245479,0.235204,0.333286,0.590711,0.264246
12,0.3722,0.178644,0.463162,0.183698,0.272602,0.264244,0.391643,0.632478,0.31534
13,0.409848,0.189465,0.500981,0.201095,0.295629,0.293849,0.406875,0.698383,0.334122
14,0.468902,0.212753,0.569972,0.223027,0.332765,0.294655,0.457273,0.730588,0.390026
15,0.562081,0.214246,0.591134,0.237533,0.34986,0.341225,0.501095,0.773874,0.408506
16,0.595074,0.262054,0.634695,0.26178,0.37397,0.374423,0.574819,0.828354,0.457861
17,0.6826,0.272876,0.687141,0.280054,0.41616,0.409311,0.600191,0.961916,0.499095
18,0.739161,0.297396,0.761643,0.303438,0.455764,0.591652,0.652461,1.0566,0.537311
19,0.853612,0.308123,0.795913,0.333437,0.500708,0.598902,0.683149,1.11563,0.589036
20,0.903299,0.339041,0.858366,0.341243,0.522474,0.661654,0.757969,1.15386,0.644547
21,1.00359,0.373573,0.893457,0.362202,0.546191,0.661774,0.776588,1.2307,0.664647
22,1.09604,0.393971,0.921408,0.403985,0.567805,0.70206,0.824544,1.31334,0.705229
23,1.15058,0.416702,0.957024,0.425902,0.585637,0.747282,0.858901,1.35579,0.765492
24,1.22,0.442534,1.05988,0.446191,0.63208,0.755377,0.934148,1.40761,0.819872
25,1.32236,0.486996,1.11018,0.486574,0.655487,0.847168,0.98019,1.47582,0.889477
26,1.42147,0.494816,1.15731,0.516874,0.678936,0.866436,1.04756,1.5503,0.943709
27,1.53467,0.511939,1.21728,0.52837,0.704801,0.913277,1.08631,1.6058,0.966328
28,1.61631,0.566065,1.27838,0.563418,0.741791,0.967113,1.10912,1.69343,1.02951
29,1.6792,0.56812,1.31935,0.586996,0.798634,0.978906,1.16849,1.75171,1.10194
30,1.82594,0.632201,1.35967,0.609616,0.801804,1.07362,1.2585,1.79398,1.18511
31,1.98945,0.671367,1.41756,0.688377,0.812887,1.08934,1.29363,1.83722,1.23758
32,2.0555,0.676597,1.4795,0.693128,0.861656,1.13661,1.33346,1.8903,1.2746
33,2.19946,0.713024,1.51908,0.738763,1.06,1.16606,1.4195,1.99829,1.32551
34,2.3102,0.769871,1.57563,0.76191,1.06345,1.18604,1.45727,2.13226,1.41524
35,2.39512,0.800145,1.65663,0.773965,1.0844,1.21856,1.49523,2.2025,1.44977
36,2.45247,0.853183,1.72797,0.862253,1.14207,1.32674,1.57348,2.28007,1.53269
37,2.64426,0.857801,1.77453,0.879342,1.12672,1.3895,1.60371,2.34469,1.62922
38,2.75749,0.889991,1.79577,0.929375,1.17635,1.4103,1.65672,2.40568,1.6733
39,2.85192,0.936022,1.87853,0.927828,1.20593,1.41895,1.75044,2.47195,1.72049
40,3.03524,0.990114,1.94318,1.01696,1.29643,1.44839,1.76717,2.49198,1.82311
41,3.16121,1.01774,1.99091,1.03277,1.29916,1.52183,1.85128,2.57957,1.8788
42,3.29209,1.08426,2.05008,1.07069,1.30511,1.57196,1.88922,2.6488,1.96678
43,3.42714,1.1218,2.11166,1.09045,1.33881,1.61635,1.95238,2.72244,2.01081
44,3.58343,1.14986,2.10551,1.18429,1.35385,1.64577,2.01419,2.80283,2.12674
45,3.71033,1.18973,2.19442,1.24714,1.38771,1.75841,2.07418,2.86534,2.20565
46,3.86669,1.25683,2.27763,1.23507,1.44951,1.78068,2.10879,2.93075,2.24595
47,3.98254,1.26337,2.35006,1.3097,1.507,1.82013,2.15693,2.98423,2.32772
48,4.18213,1.30382,2.38744,1.35315,1.47876,1.83044,2.23609,3.01322,2.41823
49,4.30152,1.40068,2.45941,1.37469,1.57723,1.91534,2.3129,3.13869,2.51143
50,4.39347,1.43513,2.4695,1.37755,1.6024,1.95792,2.38279,3.22357,2.60966
51,4.62972,1.48135,2.56985,1.47479,1.59302,2.00632,2.43183,3.30673,2.66964
52,4.7706,1.5564,2.6547,1.4546,1.67312,2.07001,2.50105,3.3599,2.75013
53,4.88877,1.56766,2.63304,1.53772,1.74287,2.11155,2.52351,3.41587,2.86633
54,5.18099,1.60012,2.75875,1.60807,1.72304,2.13924,2.58874,3.5049,2.92912
55,5.22963,1.71683,2.82114,1.64616,1.80211,2.21176,2.63583,3.54951,3.02665
56,5.39563,1.76274,2.845,1.71179,1.82448,2.257,2.73355,3.61694,3.16546
57,5.52983,1.7422,2.94927,1.71798,1.85676,2.31005,2.76019,3.66808,3.27728
58,5.77524,1.7558,2.91071,1.80249,1.90208,2.32886,2.86253,3.78443,3.28282
59,5.95318,1.89358,3.07899,1.78825,1.95302,2.43061,2.90378,3.84834,3.41749
60,6.10096,1.86725,3.08761,1.85536,1.98386,2.38977,2.98091,3.89736,3.49722
61,6.25366,1.96347,3.20214,1.95448,2.00523,2.52115,3.02164,3.9867,3.59704
62,6.5024,2.07963,3.23341,2.05685,2.07986,2.53214,3.06664,4.04603,3.68725
63,6.68602,2.08054,3.29848,2.07363,2.05336,2.57768,3.1301,4.08254,3.82418
64,6.96204,2.12932,3.30878,2.17699,2.12259,2.66128,3.20448,4.1382,3.8952
65,7.04753,2.1865,3.48726,2.17752,2.26031,2.69263,3.25178,4.231,3.98027
66,7.17957,2.30023,3.48109,2.27154,2.29171,2.7733,3.3416,4.38507,4.11448
67,7.38918,2.34702,3.56175,2.27489,2.34292,2.75632,3.39615,4.48498,4.15913
68,7.60983,2.40723,3.63835,2.41858,2.40981,2.8504,3.44496,4.59058,4.27252
69,7.63582,2.4213,3.63416,2.46233,2.41853,2.91481,3.54659,4.67169,4.44282
70,7.91393,2.4477,3.6669,2.49157,2.48649,2.98589,3.63794,4.74987,4.52872
71,8.0782,2.55481,3.7694,2.55972,2.53291,3.04764,3.68547,4.80076,4.65313
72,8.38575,2.63672,3.86085,2.35321,2.54169,3.07657,3.73663,4.84518,4.77247
73,8.52658,2.58059,3.99042,2.37487,2.57988,3.0999,3.79633,4.91278,4.87859
74,8.74144,2.77579,3.95021,2.39278,2.59823,3.19385,3.90232,5.01119,4.91051
75,8.98286,2.85199,4.03206,2.47335,2.6844,3.18022,3.90312,5.03534,5.04199
76,9.2569,2.91024,4.13478,2.54165,2.7447,3.2971,4.01953,5.12089,5.17713
77,9.37611,2.94783,4.20425,2.52665,2.76994,3.28837,4.05187,5.20093,5.26414
78,9.60072,3.05842,4.14809,2.54622,2.7998,3.42285,4.13806,5.29073,5.43258
79,9.83785,3.14393,4.22989,2.55377,2.86763,3.42992,4.18024,5.32575,5.47185
80,9.99381,3.12294,4.36389,2.65657,2.95747,3.48261,4.22654,5.33581,5.69889
81,10.1194,3.14693,4.38252,2.67368,2.97517,3.54365,4.31354,5.47917,5.76133
82,10.4428,3.23458,4.4611,2.69937,2.92698,3.61099,4.41026,5.56097,5.83724
83,10.7613,3.34378,4.5612,2.92311,3.01245,3.59593,4.43827,5.64669,6.02592
84,10.6975,3.3702,4.66611,2.94722,3.05351,3.63736,4.51559,5.75962,6.07325
85,11.0973,3.56056,4.65747,2.98216,3.11409,3.76061,4.59657,5.86462,6.23486
86,11.2897,3.60975,4.71998,2.96374,3.1612,3.85558,4.67168,5.91555,6.37304
87,11.3244,3.63378,4.77485,2.98134,3.22783,3.8764,4.69195,6.00337,6.50945
88,11.8019,3.65257,4.89622,2.97315,3.2854,3.90589,4.77605,6.03087,6.7051
89,11.8221,3.74126,4.92877,3.1116,3.3365,3.92773,4.84042,6.0833,6.74473
90,12.25,3.796,4.95965,3.06763,3.35196,4.00944,4.9148,6.15246,6.8925
91,12.449,3.925,5.03216,3.22002,3.37946,4.0735,4.98543,6.22679,7.03167
92,12.6995,3.97185,5.10335,3.24418,3.44569,4.10498,5.03918,6.30663,7.11992
93,12.8829,4.14539,5.21082,3.16904,3.48205,4.18499,5.17696,6.38081,7.31131
94,12.8965,4.17591,5.27117,3.27195,3.55211,4.22589,5.2315,6.43563,7.46516
95,13.568,4.25804,5.36987,3.28147,3.57806,4.27494,5.26334,6.50921,7.4752
96,13.4697,4.27716,5.43909,3.48814,3.61098,4.33016,5.33975,6.51333,7.746
97,13.6889,4.28211,5.48141,3.35479,3.64491,4.41331,5.36514,6.65402,7.85862
98,14.044,4.56346,5.46718,3.46308,3.72457,4.46185,5.46373,6.81824,7.94861
99,14.22,4.61379,5.59839,3.50957,3.78491,4.51917,5.4896,6.89507,8.21791
100,14.6325,4.63469,5.6135,3.57606,3.76828,4.51031,5.548,6.96748,8.27248
101,14.6455,4.87549,5.76305,3.58325,3.89891,4.58214,5.65967,7.09163,8.46877
102,15.1298,4.60905,5.79778,3.70725,3.94598,4.65396,5.76826,7.14836,8.57351
103,15.4942,5.0035,5.87343,3.78915,3.94638,4.75251,5.75719,7.17536,8.67141
104,15.4005,5.03593,5.89938,3.76463,4.0363,4.72111,5.88606,7.26369,8.7118
105,15.7455,5.02933,6.03779,3.83557,4.06096,4.87243,5.93729,7.35956,8.94289
106,16.0993,5.07288,5.98925,3.82995,4.17513,4.88446,5.99288,7.43782,9.10923
107,16.3105,5.21906,6.11567,3.97384,4.19097,4.93457,6.08952,7.47342,9.23253
108,16.472,5.31285,6.16028,3.99569,4.20884,5.01841,6.17967,7.59291,9.37286
109,16.7257,5.54004,6.1679,3.97521,4.30273,5.0816,6.21785,7.65248,9.63952
110,16.9729,5.59156,6.3852,3.95293,4.2588,5.17406,6.29798,7.6897,9.74716
111,17.4128,5.65638,6.4089,4.11072,4.44004,5.23282,6.36296,7.72852,9.94668
112,17.5728,5.79037,6.48618,4.22705,4.3967,5.20339,6.44577,7.78396,10.067
113,17.8243,5.78286,6.62094,4.12671,4.40633,5.30709,6.4888,7.87521,10.2108
114,18.0826,5.90609,6.62381,4.09977,4.54166,5.28661,6.56673,7.98193,10.4023
115,18.5906,6.04371,6.71667,4.26182,4.56955,5.35128,6.64253,8.11062,10.5122
116,18.6812,6.16322,6.81297,4.35661,4.63308,5.43659,6.73104,8.15844,10.7653
117,19.1148,6.14256,6.82445,4.43631,4.72722,5.47727,6.79103,8.23124,10.9362
118,19.0821,6.27777,6.91319,4.42224,4.73094,5.58626,6.89249,8.36086,10.9737
119,19.6552,6.22381,6.98424,4.55767,4.82376,5.61187,6.88887,8.37349,11.215
120,19.8703,6.63847,7.02692,4.60436,4.88195,5.68618,7.05305,8.41369,11.3946
121,19.994,6.58674,7.09423,4.62297,4.86943,5.77796,7.10054,8.53588,11.5596
122,20.2608,6.59262,7.12197,4.59294,4.94213,5.80576,7.14281,8.6084,11.5985
123,20.6768,6.7589,7.21166,4.57428,4.93929,5.87719,7.21908,8.69703,11.8411
124,20.5961,6.9534,7.26017,4.75095,5.12368,5.91364,7.34138,8.76609,12.0029
125,21.0004,6.85854,7.31541,4.89224,5.10844,5.95538,7.38611,8.82532,12.281
126,21.3235,7.18444,7.58796,4.78604,5.1686,6.05317,7.47826,8.86109,12.3396
127,21.8196,7.15543,7.49001,4.81995,5.1307,6.12363,7.57644,8.95465,12.5079
128,22.114,7.11867,7.53028,4.90537,5.22733,6.16816,7.61293,8.9818,12.6776
